sep=,
"loc_index","api_name","canonical_id","hidden","english_name","english_description","german_name","german_description","french_name","french_description","italian_name","italian_description","spanish_name","spanish_description","schinese_name","schinese_description","russian_name","russian_description","brazilian_name","brazilian_description","japanese_name","japanese_description","polish_name","polish_description"
"0","ACH_BASIC_0_WOODGATHERER","basic-0-woodGatherer","no","Gather Wood","Gather 500 wood in total.","Holz sammeln","Sammle insgesamt 500 Holz.","Récolter du bois","Récoltez 500 de bois au total.","Raccogli Legno","Raccogli 500 legno in totale.","Reunir madera","Reúne 500 de madera en total.","采集木材","累计采集500木材。","Собирать дерево","Соберите всего 500 дерева.","Coletar Madeira","Colete 500 de madeira no total.","木材を集める","木材を合計500集める。","Zbieraj drewno","Zbierz łącznie 500 drewna."
"1","ACH_BASIC_0_STONEMINER","basic-0-stoneMiner","no","Gather Stone","Gather 500 stone in total.","Stein sammeln","Sammle insgesamt 500 Stein.","Récolter de la pierre","Récoltez 500 de pierre au total.","Raccogli Pietra","Raccogli 500 pietra in totale.","Reunir piedra","Reúne 500 de piedra en total.","采集石料","累计采集500石头。","Собирать камень","Соберите всего 500 камня.","Coletar Pedra","Colete 500 de pedra no total.","石を集める","石を合計500集める。","Zbieraj kamień","Zbierz łącznie 500 kamienia."
"2","ACH_BASIC_0_IRONMINER","basic-0-ironMiner","no","Gather Iron","Gather 500 iron in total.","Eisen sammeln","Sammle insgesamt 500 Eisen.","Récolter du fer","Récoltez 500 de fer au total.","Raccogli Ferro","Raccogli 500 ferro in totale.","Reunir hierro","Reúne 500 de hierro en total.","采集铁矿","累计采集500铁。","Собирать железо","Соберите всего 500 железа.","Coletar Ferro","Colete 500 de ferro no total.","鉄を集める","鉄を合計500集める。","Zbieraj żelazo","Zbierz łącznie 500 żelaza."
"3","ACH_BASIC_0_COALMINER","basic-0-coalMiner","no","Gather Coal","Gather 500 coal in total.","Kohle sammeln","Sammle insgesamt 500 Kohle.","Récolter du charbon","Récoltez 500 de charbon au total.","Raccogli Carbone","Raccogli 500 carbone in totale.","Reunir carbón","Reúne 500 de carbón en total.","采集煤炭","累计采集500煤炭。","Собирать уголь","Соберите всего 500 угля.","Coletar Carvão","Colete 500 de carvão no total.","石炭を集める","石炭を合計500集める。","Zbieraj węgiel","Zbierz łącznie 500 węgla."
"4","ACH_BASIC_0_STEELFORGER","basic-0-steelForger","no","Forge Steel","Forge 250 steel in total.","Stahl schmieden","Schmiede insgesamt 250 Stahl.","Forger de l'acier","Forgez 250 d'acier au total.","Forgia Acciaio","Forgia 250 acciaio in totale.","Forjar acero","Forja 250 de acero en total.","锻造钢铁","累计锻造250钢。","Ковать сталь","Выкуйте всего 250 стали.","Forjar Aço","Forje 250 de aço no total.","鋼を鍛える","鋼を合計250鍛える。","Kuj stal","Wykuj łącznie 250 stali."
"5","ACH_BASIC_0_HUNTER","basic-0-hunter","no","Hunter","Gather 500 food in total.","Jagen","Sammle insgesamt 500 Nahrung.","Chasseur","Récoltez 500 de nourriture au total.","Cacciatore","Raccogli 500 cibo in totale.","Cazador","Reúne 500 de comida en total.","猎人","累计采集500食物。","Охотник","Соберите всего 500 еды.","Caçador","Colete 500 de comida no total.","狩人","食料を合計500集める。","Myśliwy","Zbierz łącznie 500 żywności."
"6","ACH_BASIC_0_TANNER","basic-0-tanner","no","Tanner","Gather 250 leather in total.","Gerber","Sammle insgesamt 250 Leder.","Tanneur","Récoltez 250 de cuir au total.","Conciatore","Raccogli 250 cuoio in totale.","Curtidor","Reúne 250 de cuero en total.","制革工","累计采集250皮革。","Кожевник","Соберите всего 250 кожи.","Curtidor","Colete 250 de couro no total.","皮職人","皮革を合計250集める。","Garbarz","Zbierz łącznie 250 skóry."
"7","ACH_BASIC_1_EXPLORER","basic-1-explorer","no","Explore Cave","Explore the cave 20 times.","Höhle erkunden","Erkunde die Höhle 20 Mal.","Explorer la grotte","Explorez la grotte 20 fois.","Esplora la Caverna","Esplora la caverna 20 volte.","Explorar la cueva","Explora la cueva 20 veces.","探索洞穴","探索洞穴20次。","Исследовать пещеру","Исследуйте пещеру 20 раз.","Explorar Caverna","Explore a caverna 20 vezes.","洞窟を探る","洞窟を20回探る。","Badaj jaskinię","Badaj jaskinię 20 razy."
"8","ACH_BASIC_1_TORCHCRAFTER","basic-1-torchCrafter","no","Craft Torches","Craft 50 torches in total.","Fackeln herstellen","Stelle insgesamt 50 Fackeln her.","Fabriquer des torches","Fabriquez 50 torches au total.","Fabbrica Torce","Crea 50 torce in totale.","Fabricar antorchas","Fabrica 50 antorchas en total.","制作火把","累计制作50个火把。","Делать факелы","Создайте всего 50 факелов.","Fabricar Tochas","Crie 50 tochas no total.","松明を作る","松明を合計50本作る。","Wytwarzaj pochodnie","Wytwórz łącznie 50 pochodni."
"9","ACH_BASIC_1_TOOLCRAFTER","basic-1-toolCrafter","no","Craft Tools","Own 5 different tools.","Werkzeuge herstellen","Besitze 5 verschiedene Werkzeuge.","Fabriquer des outils","Possédez 5 outils différents.","Fabbrica Strumenti","Possiedi 5 strumenti diversi.","Fabricar herramientas","Posee 5 herramientas distintas.","制作工具","拥有5种不同的工具。","Создавать инструменты","Владейте 5 разными инструментами.","Fabricar Ferramentas","Possua 5 ferramentas diferentes.","道具を作る","異なる道具を5種所有する。","Wytwarzaj narzędzia","Posiadaj 5 różnych narzędzi."
"10","ACH_BASIC_1_BUILDER","basic-1-builder","no","Construct Buildings","Own at least 5 buildings.","Gebäude errichten","Besitze mindestens 5 Gebäude.","Construire des bâtiments","Possédez au moins 5 bâtiments.","Costruisci Edifici","Possiedi almeno 5 edifici.","Construir edificios","Posee al menos 5 edificios.","建造建筑","拥有至少5座建筑。","Строить здания","Владейте как минимум 5 зданиями.","Construir Edifícios","Possua pelo menos 5 construções.","建物を建てる","建物を5棟以上所有する。","Wznoszenie budynków","Posiadaj co najmniej 5 budynków."
"11","ACH_BASIC_1_COMMUNITYBUILDER","basic-1-communityBuilder","no","Build Community","Reach a population of 10.","Gemeinschaft aufbauen","Erreiche eine Bevölkerung von 10.","Bâtir une communauté","Atteignez une population de 10.","Costruisci una Comunità","Raggiungi una popolazione di 10.","Construir comunidad","Alcanza una población de 10.","建设社群","人口达到10。","Строить общину","Достигните населения 10.","Construir Comunidade","Alcance uma população de 10.","共同体を築く","人口を10にする。","Buduj społeczność","Osiągnij populację 10."
"12","ACH_BUILDING_0_0","building-0-0","no","Basic Shelter","Build 10 Wooden Huts.","Einfache Unterkunft","Baue 10 Holzhütten.","Abri simple","Construisez 10 huttes de bois.","Riparo Basilare","Costruisci 10 Capanne di Legno.","Refugio básico","Construye 10 chozas de madera.","简易庇护所","建造10座木屋。","Простое убежище","Постройте 10 деревянных хижин.","Abrigo Básico","Construa 10 Casebres de Madeira.","簡素な住居","木の小屋を10棟建てる。","Proste schronienie","Zbuduj 10 drewnianych chat."
"13","ACH_BUILDING_0_1","building-0-1","no","Sturdy Shelter","Build 10 Stone Huts.","Stabile Unterkunft","Baue 10 Steinhütten.","Abri solide","Construisez 10 huttes de pierre.","Riparo Robusto","Costruisci 10 Capanne di Pietra.","Refugio resistente","Construye 10 chozas de piedra.","坚固庇护所","建造10座石屋。","Крепкое убежище","Постройте 10 каменных хижин.","Abrigo Resistente","Construa 10 Cabanas de Pedra.","堅牢な住居","石の小屋を10棟建てる。","Solidne schronienie","Zbuduj 10 kamiennych chat."
"14","ACH_BUILDING_0_2","building-0-2","no","Nordic Shelter","Build 5 Longhouses.","Nordische Unterkunft","Baue 5 Langhäuser.","Abri nordique","Construisez 5 maisons longues.","Riparo Nordico","Costruisci 5 Case Lunghe.","Refugio nórdico","Construye 5 casas comunales.","北境庇护所","建造5座长屋。","Северное убежище","Постройте 5 длинных домов.","Abrigo Nórdico","Construa 5 Casas Compridas.","北境の住居","長屋を5棟建てる。","Nordyckie schronienie","Zbuduj 5 długich domów."
"15","ACH_BUILDING_0_3","building-0-3","no","Nomadic Shelter","Build 5 Fur Tents.","Nomadenunterkunft","Baue 5 Fellzelte.","Abri nomade","Construisez 5 tentes de fourrure.","Riparo Nomade","Costruisci 5 Tende di Pelliccia.","Refugio nómada","Construye 5 tiendas de pieles.","游牧庇护所","建造5顶毛皮帐篷。","Кочевое убежище","Постройте 5 меховых шатров.","Abrigo Nômade","Construa 5 Tendas de Pele.","遊牧の住居","毛皮のテントを5張り建てる。","Koczownicze schronienie","Zbuduj 5 futrzanych namiotów."
"16","ACH_BUILDING_1_0","building-1-0","no","Huntsmen","Build Hunter Cabin and all upgrades.","Jäger","Baue die Jägerhütte und alle Ausbauten.","Chasseurs","Construisez la cabane de chasse et toutes les améliorations.","Cacciatori","Costruisci la Capanna di Caccia e tutti i potenziamenti.","Cazadores","Construye la cabaña de caza y todas las mejoras.","猎户","建造猎人小屋及其全部升级。","Ловчие","Постройте охотничью хижину и все улучшения.","Caçadores","Construa a Cabana de Caça e todas as melhorias.","猟師たち","猟師小屋とその強化をすべて建てる。","Myśliwi","Zbuduj Chatę myśliwego i wszystkie ulepszenia."
"17","ACH_BUILDING_1_1","building-1-1","no","Forgers","Build Blacksmith and all upgrades.","Schmiede","Baue die Schmiede und alle Ausbauten.","Forgerons","Construisez la forge et toutes les améliorations.","Forgiatori","Costruisci il Fabbro e tutti i potenziamenti.","Forjadores","Construye la herrería y todas las mejoras.","锻造工","建造铁匠铺及其全部升级。","Кузнецы","Постройте кузницу и все улучшения.","Forjadores","Construa o Ferreiro e todas as melhorias.","鍛冶師たち","鍛冶場とその強化をすべて建てる。","Kowale","Zbuduj Kuźnię i wszystkie ulepszenia."
"18","ACH_BUILDING_1_2","building-1-2","no","Smelters","Build Foundry and all upgrades.","Schmelzer","Baue die Gießerei und alle Ausbauten.","Fondeurs","Construisez la fonderie et toutes les améliorations.","Fonditori","Costruisci la Fonderia e tutti i potenziamenti.","Fundidores","Construye la fundición y todas las mejoras.","冶炼工","建造铸造厂及其全部升级。","Плавильщики","Постройте литейную и все улучшения.","Fundidores","Construa a Fundição e todas as melhorias.","鋳造師たち","鋳造所とその強化をすべて建てる。","Hutnicy","Zbuduj Odlewnię i wszystkie ulepszenia."
"19","ACH_BUILDING_1_3","building-1-3","no","Hideworkers","Build Tannery and all upgrades.","Gerber","Baue die Gerberei und alle Ausbauten.","Tanneurs","Construisez la tannerie et toutes les améliorations.","Conciatori di Pelli","Costruisci la Conceria e tutti i potenziamenti.","Curtidores","Construye la curtiduría y todas las mejoras.","皮匠","建造制革坊及其全部升级。","Кожевники","Постройте дубильню и все улучшения.","Curtidores","Construa o Curtume e todas as melhorias.","皮職人たち","皮なめし場とその強化をすべて建てる。","Garbarze","Zbuduj Garbarnię i wszystkie ulepszenia."
"20","ACH_BUILDING_2_0","building-2-0","no","Miners","Build Shallow Pit and all upgrades.","Bergleute","Baue die Flache Grube und alle Ausbauten.","Mineurs","Construisez la fosse peu profonde et toutes les améliorations.","Minatori","Costruisci il Pozzo Superficiale e tutti i potenziamenti.","Mineros","Construye el pozo superficial y todas las mejoras.","矿工","建造浅矿坑及其全部升级。","Шахтеры","Постройте мелкую яму и все улучшения.","Mineradores","Construa o Poço Raso e todas as melhorias.","鉱夫たち","浅坑とその強化をすべて建てる。","Górnicy","Zbuduj Płytką jamę i wszystkie ulepszenia."
"21","ACH_BUILDING_3_0","building-3-0","no","Traders","Build Trade Post and all upgrades.","Händler","Baue den Handelsposten und alle Ausbauten.","Marchands","Construisez le comptoir commercial et toutes les améliorations.","Mercanti","Costruisci l'Avamposto Commerciale e tutti i potenziamenti.","Comerciantes","Construye el puesto comercial y todas las mejoras.","商贩","建造贸易站及其全部升级。","Торговцы","Постройте торговую заставу и все улучшения.","Mercadores","Construa o Posto de Comércio e todas as melhorias.","商人たち","交易所とその強化をすべて建てる。","Handlarze","Zbuduj Faktorię i wszystkie ulepszenia."
"22","ACH_BUILDING_3_1","building-3-1","no","Provisioners","Build Supply Hut and all upgrades.","Versorger","Baue die Vorratshütte und alle Ausbauten.","Pourvoyeurs","Construisez la hutte de ravitaillement et toutes les améliorations.","Approvvigionatori","Costruisci la Capanna delle Scorte e tutti i potenziamenti.","Proveedores","Construye la choza de suministros y todas las mejoras.","补给员","建造补给小屋及其全部升级。","Снабженцы","Постройте хижину припасов и все улучшения.","Abastecedores","Construa a Cabana de Suprimentos e todas as melhorias.","物資係","物資小屋とその強化をすべて建てる。","Zaopatrzeniowcy","Zbuduj Chatę zapasów i wszystkie ulepszenia."
"23","ACH_BUILDING_3_2","building-3-2","no","Scholars","Build Clerk's Hut and all upgrades.","Gelehrte","Baue die Schreiberhütte und alle Ausbauten.","Érudits","Construisez la hutte des commis et toutes les améliorations.","Studiosi","Costruisci la Capanna dello Scrivano e tutti i potenziamenti.","Eruditos","Construye la choza de escribientes y todas las mejoras.","学者","建造书记员小屋及其全部升级。","Ученые","Постройте хижину писаря и все улучшения.","Estudiosos","Construa a Cabana do Escriturário e todas as melhorias.","学者たち","書記の小屋とその強化をすべて建てる。","Uczeni","Zbuduj Chatę skryby i wszystkie ulepszenia."
"24","ACH_BUILDING_3_3","building-3-3","no","Priests","Build Altar and all upgrades.","Priester","Baue den Altar und alle Ausbauten.","Prêtres","Construisez l'autel et toutes les améliorations.","Sacerdoti","Costruisci l'Altare e tutti i potenziamenti.","Sacerdotes","Construye el altar y todas las mejoras.","祭司","建造祭坛及其全部升级。","Жрецы","Постройте алтарь и все улучшения.","Sacerdotes","Construa o Altar e todas as melhorias.","祭司たち","祭壇とその強化をすべて建てる。","Kapłani","Zbuduj Ołtarz i wszystkie ulepszenia."
"25","ACH_BUILDING_4_0","building-4-0","no","Keep Walls","Build Palisades and all upgrades.","Burgmauern","Baue die Palisaden und alle Ausbauten.","Murs du fort","Construisez les palissades et toutes les améliorations.","Mura del Mastio","Costruisci le Palizzate e tutti i potenziamenti.","Murallas del bastión","Construye las empalizadas y todas las mejoras.","主堡城墙","建造木栅墙及其全部升级。","Крепостные стены","Постройте частокол и все улучшения.","Muralhas","Construa as Paliçadas e todas as melhorias.","城塞の壁","柵壁とその強化をすべて建てる。","Mury grodu","Zbuduj Palisady i wszystkie ulepszenia."
"26","ACH_BUILDING_4_1","building-4-1","no","Lookout","Build Watchtower and all upgrades.","Ausguck","Baue den Wachturm und alle Ausbauten.","Poste de guet","Construisez la tour de guet et toutes les améliorations.","Posto di Vedetta","Costruisci la Torre di Guardia e tutti i potenziamenti.","Vigía","Construye la torre de vigilancia y todas las mejoras.","瞭望哨","建造瞭望塔及其全部升级。","Дозор","Постройте дозорную башню и все улучшения.","Vigia","Construa a Torre de Vigia e todas as melhorias.","物見","見張り塔とその強化をすべて建てる。","Strażnica","Zbuduj Strażnicę i wszystkie ulepszenia."
"27","ACH_ITEM_0_AXES","item-0-axes","no","Axes","Craft every axe from stone to adamant.","Äxte","Stelle jede Axt von Stein bis Adamant her.","Haches","Fabriquez chaque hache de la pierre à l'adamant.","Asce","Crea ogni ascia dalla pietra all'adamante.","Hachas","Fabrica cada hacha de piedra a adamantita.","斧头","制作从石斧到精金斧的每把斧头。","Топоры","Создайте каждый топор от каменного до адамантового.","Machados","Crie cada machado da pedra ao adamante.","斧","石からアダマントまで、すべての斧を作る。","Topory","Wytwórz każdy topór od kamiennego po adamantowy."
"28","ACH_ITEM_0_PICKAXES","item-0-pickaxes","no","Pickaxes","Craft every pickaxe from stone to adamant.","Spitzhacken","Stelle jede Spitzhacke von Stein bis Adamant her.","Pioches","Fabriquez chaque pioche de la pierre à l'adamant.","Picconi","Crea ogni piccone dalla pietra all'adamante.","Picos","Fabrica cada pico de piedra a adamantita.","镐子","制作从石镐到精金镐的每把镐。","Кирки","Создайте каждую кирку от каменной до адамантовой.","Picaretas","Crie cada picareta da pedra ao adamante.","つるはし","石からアダマントまで、すべてのつるはしを作る。","Kilofy","Wytwórz każdy kilof od kamiennego po adamantowy."
"29","ACH_ITEM_0_LANTERNS","item-0-lanterns","no","Lanterns","Craft every lantern from iron to adamant.","Laternen","Stelle jede Laterne von Eisen bis Adamant her.","Lanternes","Fabriquez chaque lanterne du fer à l'adamant.","Lanterne","Crea ogni lanterna dal ferro all'adamante.","Faroles","Fabrica cada linterna de hierro a adamantita.","灯笼","制作从铁灯到精金灯的每盏灯笼。","Фонари","Создайте каждый фонарь от железного до адамантового.","Lanternas","Crie cada lanterna do ferro ao adamante.","ランタン","鉄からアダマントまで、すべてのランタンを作る。","Latarnie","Wytwórz każdą latarnię od żelaznej po adamantową."
"30","ACH_ITEM_1_SWORDS","item-1-swords","no","Swords","Craft every sword from iron to adamant.","Schwerter","Stelle jedes Schwert von Eisen bis Adamant her.","Épées","Fabriquez chaque épée du fer à l'adamant.","Spade","Crea ogni spada dal ferro all'adamante.","Espadas","Fabrica cada espada de hierro a adamantita.","剑","制作从铁剑到精金剑的每把剑。","Мечи","Создайте каждый меч от железного до адамантового.","Espadas","Crie cada espada do ferro ao adamante.","剣","鉄からアダマントまで、すべての剣を作る。","Miecze","Wytwórz każdy miecz od żelaznego po adamantowy."
"31","ACH_ITEM_1_BOWS","item-1-bows","no","Bows","Craft every bow from crude to master.","Bögen","Stelle jeden Bogen vom einfachen bis zum Meisterbogen her.","Arcs","Fabriquez chaque arc du grossier au maître.","Archi","Crea ogni arco dal grezzo al maestro.","Arcos","Fabrica cada arco del rudimentario al maestro.","弓","制作从粗制弓到大师弓的每把弓。","Луки","Создайте каждый лук от грубого до мастерского.","Arcos","Crie cada arco do rudimentar ao mestre.","弓","粗末から達人まで、すべての弓を作る。","Łuki","Wytwórz każdy łuk od prymitywnego po mistrzowski."
"32","ACH_ITEM_2_EXPLORER_PACK","item-2-explorer_pack","no","Leatherworks","Craft all seven leatherworks.","Lederarbeiten","Stelle alle sieben Lederarbeiten her.","Travail du cuir","Fabriquez les sept ouvrages de cuir.","Lavori in Cuoio","Crea tutte e sette le opere in cuoio.","Talabartería","Fabrica las siete obras de cuero.","皮革工艺","制作全部七件皮革制品。","Кожевенное дело","Создайте все семь кожаных изделий.","Trabalhos em Couro","Crie todas as sete obras de couro.","皮革細工","皮革細工を7種すべて作る。","Wyroby skórzane","Wytwórz wszystkie siedem wyrobów skórzanych."
"33","ACH_ITEM_2_SCHEMATIC_WEAPONS","item-2-schematic_weapons","no","Schematics","Craft three schematic weapons.","Baupläne","Stelle drei Bauplan-Waffen her.","Schémas","Fabriquez trois armes de schéma.","Schemi","Crea tre armi da schema.","Esquemas","Fabrica tres armas de esquema.","图纸","制作三件图纸武器。","Чертежи","Создайте три оружия по схемам.","Esquemas","Crie três armas de esquema.","設計図","設計図の武器を3種作る。","Schematy","Wytwórz trzy bronie ze schematów."
"34","ACH_ITEM_3_ANCIENT_BOOKS","item-3-ancient_books","no","Ancient Wisdom","Collect all three ancient books.","Altes Wissen","Sammle alle drei uralten Bücher.","Sagesse ancienne","Collectionnez les trois livres anciens.","Saggezza Antica","Raccogli tutti e tre i libri antichi.","Sabiduría antigua","Colecciona los tres libros antiguos.","古老智慧","收集三本古书。","Древняя мудрость","Соберите все три древние книги.","Sabedoria Antiga","Colete os três livros antigos.","古の知恵","古書を3冊すべて集める。","Starożytna mądrość","Zbierz wszystkie trzy starożytne księgi."
"35","ACH_ITEM_3_FELLOWSHIP","item-3-fellowship","no","Good Company","Recruit all six fellowship companions.","Gute Gesellschaft","Rekrutiere alle sechs Gefährten.","Bonne compagnie","Recrutez les six compagnons.","Buona Compagnia","Recluta tutti e sei i compagni.","Buena compañía","Recluta a los seis compañeros.","可靠同伴","招募全部六位同伴。","Добрая компания","Наберите всех шести спутников.","Boa Companhia","Recrute todos os seis companheiros da irmandade.","良き仲間","仲間を6人すべて迎える。","Dobre towarzystwo","Zwerbuj wszystkich sześciu towarzyszy drużyny."
"36","ACH_ITEM_4_BLACKSTEEL_TOOLS","item-4-blacksteel_tools","no","Dark Tools","Craft all three blacksteel tools.","Dunkle Werkzeuge","Stelle alle drei Schwarzstahl-Werkzeuge her.","Outils sombres","Fabriquez les trois outils en acier noir.","Strumenti Oscuri","Crea tutti e tre gli strumenti in Acciaio Nero.","Herramientas oscuras","Fabrica las tres herramientas de acero negro.","黑暗工具","制作全部三件黑钢工具。","Темные инструменты","Создайте все три инструмента из черной стали.","Ferramentas Sombrias","Crie todas as três ferramentas de Aço Negro.","闇の道具","黒鋼の道具を3種すべて作る。","Mroczne narzędzia","Wytwórz wszystkie trzy narzędzia z czarnostali."
"37","ACH_ITEM_4_BLACKSTEEL_EQUIPMENT","item-4-blacksteel_equipment","no","Dark War Equipment","Craft all three blacksteel war items.","Dunkle Kriegsausrüstung","Stelle alle drei Schwarzstahl-Kriegsausrüstungen her.","Équipement de guerre sombre","Fabriquez les trois équipements de guerre en acier noir.","Equipaggiamento da Guerra Oscuro","Crea tutti e tre gli oggetti di guerra in Acciaio Nero.","Equipo bélico oscuro","Fabrica los tres equipos de guerra de acero negro.","黑暗战具","制作全部三件黑钢战争装备。","Темное боевое снаряжение","Создайте все три предмета войны из черной стали.","Equipamento de Guerra Sombrio","Crie todos os três itens de guerra de Aço Negro.","闇の戦具","黒鋼の戦具を3種すべて作る。","Mroczny ekwipunek wojenny","Wytwórz wszystkie trzy wojenne przedmioty z czarnostali."
"38","ACH_ACTION_0_EXPLORECAVE","action-0-exploreCave","no","Cave Explorer","Upgrade Explore Cave to level 10.","Höhlenforscher","Verbessere Höhle erkunden auf Stufe 10.","Explorateur de grottes","Améliorez Explorer la grotte au niveau 10.","Esploratore di Caverne","Migliora Esplora Caverna al livello 10.","Explorador de cuevas","Mejora Explorar la cueva al nivel 10.","洞穴探索者","将探索洞穴升级到10级。","Исследователь пещер","Улучшите «Исследовать пещеру» до 10 уровня.","Explorador de Cavernas","Melhore Explorar Caverna para o nível 10.","洞窟探検家","「洞窟を探る」をレベル10まで強化する。","Badacz jaskiń","Ulepsz „Badaj jaskinię” do poziomu 10."
"39","ACH_ACTION_0_CHOPWOOD","action-0-chopWood","no","Wood Chopper","Upgrade Chop Wood to level 10.","Holzfäller","Verbessere Holz hacken auf Stufe 10.","Bûcheron","Améliorez Ramasser du bois au niveau 10.","Taglialegna","Migliora Raccogli Legno al livello 10.","Leñador","Mejora Reunir madera al nivel 10.","伐木能手","将采集木材升级到10级。","Дровосек","Улучшите «Собрать дерево» до 10 уровня.","Lenhador","Melhore Coletar Madeira para o nível 10.","樵","「木材を集める」をレベル10まで強化する。","Drwal","Ulepsz „Zbieraj drewno” do poziomu 10."
"40","ACH_ACTION_0_HUNT","action-0-hunt","no","Hunter","Upgrade Hunt to level 10.","Jäger","Verbessere Jagen auf Stufe 10.","Chasseur","Améliorez Chasser au niveau 10.","Cacciatore","Migliora Caccia al livello 10.","Cazador","Mejora Cazar al nivel 10.","猎人","将狩猎升级到10级。","Охотник","Улучшите «Охотиться» до 10 уровня.","Caçador","Melhore Caçar para o nível 10.","狩人","「狩猟」をレベル10まで強化する。","Myśliwy","Ulepsz „Poluj” do poziomu 10."
"41","ACH_ACTION_0_CRAFTTORCHES","action-0-craftTorches","no","Torch Crafter","Upgrade Craft Torches to level 10.","Fackelmacher","Verbessere Fackeln auf Stufe 10.","Fabricant de torches","Améliorez Torches au niveau 10.","Fabbricante di Torce","Migliora Torce al livello 10.","Artesano de antorchas","Mejora Antorchas al nivel 10.","火把工匠","将火把升级到10级。","Факельщик","Улучшите «Факелы» до 10 уровня.","Fabricante de Tochas","Melhore Tochas para o nível 10.","松明職人","「松明」をレベル10まで強化する。","Wytwórca pochodni","Ulepsz „Pochodnie” do poziomu 10."
"42","ACH_ACTION_1_MINESTONE","action-1-mineStone","no","Stone Miner","Upgrade Mine Stone to level 10.","Steinbrecher","Verbessere Stein auf Stufe 10.","Mineur de pierre","Améliorez Pierre au niveau 10.","Minatore di Pietra","Migliora Pietra al livello 10.","Cantero","Mejora Piedra al nivel 10.","采石工","将石头升级到10级。","Каменотес","Улучшите «Камень» до 10 уровня.","Minerador de Pedra","Melhore Pedra para o nível 10.","石工","「石を採掘」をレベル10まで強化する。","Górnik kamienia","Ulepsz „Kamień” do poziomu 10."
"43","ACH_ACTION_1_MINEIRON","action-1-mineIron","no","Iron Miner","Upgrade Mine Iron to level 10.","Eisenschürfer","Verbessere Eisen auf Stufe 10.","Mineur de fer","Améliorez Fer au niveau 10.","Minatore di Ferro","Migliora Ferro al livello 10.","Minero de hierro","Mejora Hierro al nivel 10.","铁矿工","将铁升级到10级。","Добытчик железа","Улучшите «Железо» до 10 уровня.","Minerador de Ferro","Melhore Ferro para o nível 10.","鉄鉱夫","「鉄を採掘」をレベル10まで強化する。","Górnik żelaza","Ulepsz „Żelazo” do poziomu 10."
"44","ACH_ACTION_1_MINECOAL","action-1-mineCoal","no","Coal Miner","Upgrade Mine Coal to level 10.","Kohleschürfer","Verbessere Kohle auf Stufe 10.","Mineur de charbon","Améliorez Charbon au niveau 10.","Minatore di Carbone","Migliora Carbone al livello 10.","Minero de carbón","Mejora Carbón al nivel 10.","煤矿工","将煤炭升级到10级。","Добытчик угля","Улучшите «Уголь» до 10 уровня.","Minerador de Carvão","Melhore Carvão para o nível 10.","石炭鉱夫","「石炭を採掘」をレベル10まで強化する。","Górnik węgla","Ulepsz „Węgiel” do poziomu 10."
"45","ACH_ACTION_1_MINESULFUR","action-1-mineSulfur","no","Sulfur Miner","Upgrade Mine Sulfur to level 10.","Schwefelschürfer","Verbessere Schwefel auf Stufe 10.","Mineur de soufre","Améliorez Soufre au niveau 10.","Minatore di Zolfo","Migliora Zolfo al livello 10.","Minero de azufre","Mejora Azufre al nivel 10.","硫磺矿工","将硫磺升级到10级。","Добытчик серы","Улучшите «Сера» до 10 уровня.","Minerador de Enxofre","Melhore Enxofre para o nível 10.","硫黄鉱夫","「硫黄を採掘」をレベル10まで強化する。","Górnik siarki","Ulepsz „Siarka” do poziomu 10."
"46","ACH_ACTION_1_MINEOBSIDIAN","action-1-mineObsidian","no","Obsidian Miner","Upgrade Mine Obsidian to level 10.","Obsidianschürfer","Verbessere Obsidian auf Stufe 10.","Mineur d'obsidienne","Améliorez Obsidienne au niveau 10.","Minatore di Ossidiana","Migliora Ossidiana al livello 10.","Minero de obsidiana","Mejora Obsidiana al nivel 10.","黑曜石矿工","将黑曜石升级到10级。","Добытчик обсидиана","Улучшите «Обсидиан» до 10 уровня.","Minerador de Obsidiana","Melhore Obsidiana para o nível 10.","黒曜石鉱夫","「黒曜石を採掘」をレベル10まで強化する。","Górnik obsydianu","Ulepsz „Obsydian” do poziomu 10."
"47","ACH_ACTION_1_MINEADAMANT","action-1-mineAdamant","no","Adamant Miner","Upgrade Mine Adamant to level 10.","Adamantschürfer","Verbessere Adamant auf Stufe 10.","Mineur d'adamant","Améliorez Adamant au niveau 10.","Minatore di Adamante","Migliora Adamante al livello 10.","Minero de adamantita","Mejora Adamantita al nivel 10.","精金矿工","将精金升级到10级。","Добытчик адаманта","Улучшите «Адамант» до 10 уровня.","Minerador de Adamante","Melhore Adamante para o nível 10.","アダマント鉱夫","「アダマントを採掘」をレベル10まで強化する。","Górnik adamantu","Ulepsz „Adamant” do poziomu 10."
"48","ACH_ACTION_1_MINEMOONSTONE","action-1-mineMoonstone","no","Moonstone Miner","Upgrade Mine Moonstone to level 10.","Mondsteinschürfer","Verbessere Mondstein auf Stufe 10.","Mineur de pierre de lune","Améliorez Pierre de lune au niveau 10.","Minatore di Pietra di Luna","Migliora Pietra di Luna al livello 10.","Minero de piedra lunar","Mejora Piedra lunar al nivel 10.","月石矿工","将月石升级到10级。","Добытчик лунного камня","Улучшите «Лунный камень» до 10 уровня.","Minerador de Pedra-da-Lua","Melhore Pedra-da-Lua para o nível 10.","月長石鉱夫","「月長石を採掘」をレベル10まで強化する。","Górnik kamienia księżycowego","Ulepsz „Kamień księżycowy” do poziomu 10."
"49","ACH_ACTION_2_BONETOTEMS","action-2-boneTotems","no","Bone Sacrificer","Sacrifice bone totems 20 times.","Knochentotemopferer","Opfere 20 Mal Knochentotems.","Sacrificateur d'os","Sacrifiez des totems d'os 20 fois.","Sacrificatore di Ossa","Sacrifica totem d'ossa 20 volte.","Sacrificador de huesos","Sacrifica tótems de hueso 20 veces.","骨祭者","献祭骨图腾20次。","Жертвователь костей","Принесите костяные тотемы в жертву 20 раз.","Sacrificador de Ossos","Sacrifique totens de osso 20 vezes.","骨の贄","骨のトーテムを20回生贄に捧げる。","Ofiarnik kości","Złóż kościane totemy w ofierze 20 razy."
"50","ACH_ACTION_2_LEATHERTOTEMS","action-2-leatherTotems","no","Leather Sacrificer","Sacrifice leather totems 20 times.","Ledertotemopferer","Opfere 20 Mal Ledertotems.","Sacrificateur de cuir","Sacrifiez des totems de cuir 20 fois.","Sacrificatore di Cuoio","Sacrifica totem di cuoio 20 volte.","Sacrificador de cuero","Sacrifica tótems de cuero 20 veces.","皮祭者","献祭皮图腾20次。","Жертвователь кожи","Принесите кожаные тотемы в жертву 20 раз.","Sacrificador de Couro","Sacrifique totens de couro 20 vezes.","皮革の贄","皮革のトーテムを20回生贄に捧げる。","Ofiarnik skóry","Złóż skórzane totemy w ofierze 20 razy."
"51","ACH_ACTION_2_ANIMALS","action-2-animals","no","Animal Sacrificer","Sacrifice animals 10 times.","Tieropferer","Opfere 10 Mal Tiere.","Sacrificateur d'animaux","Sacrifiez des animaux 10 fois.","Sacrificatore di Animali","Sacrifica animali 10 volte.","Sacrificador de animales","Sacrifica animales 10 veces.","牲祭者","献祭动物10次。","Жертвователь животных","Принесите животных в жертву 10 раз.","Sacrificador de Animais","Sacrifique animais 10 vezes.","獣の贄","獣を10回生贄に捧げる。","Ofiarnik zwierząt","Złóż zwierzęta w ofierze 10 razy."
"52","ACH_ACTION_2_CRAFTBONETOTEMS","action-2-craftBoneTotems","no","Bone Totem Crafter","Upgrade Craft Bone Totems to level 10.","Knochentotemschnitzer","Verbessere Knochentotems auf Stufe 10.","Artisan de totems d'os","Améliorez Totems d'os au niveau 10.","Fabbricante di Totem d'Ossa","Migliora Totem d'Ossa al livello 10.","Artesano de tótems de hueso","Mejora Tótems de hueso al nivel 10.","骨图腾工匠","将骨图腾升级到10级。","Мастер костяных тотемов","Улучшите «Костяные тотемы» до 10 уровня.","Fabricante de Totens de Osso","Melhore Totens de Osso para o nível 10.","骨トーテム職人","「骨のトーテム」をレベル10まで強化する。","Twórca kościanych totemów","Ulepsz „Kościane totemy” do poziomu 10."
"53","ACH_ACTION_2_CRAFTLEATHERTOTEMS","action-2-craftLeatherTotems","no","Leather Totem Crafter","Upgrade Craft Leather Totems to level 10.","Ledertotemmacher","Verbessere Ledertotems auf Stufe 10.","Artisan de totems de cuir","Améliorez Totems de cuir au niveau 10.","Fabbricante di Totem di Cuoio","Migliora Totem di Cuoio al livello 10.","Artesano de tótems de cuero","Mejora Tótems de cuero al nivel 10.","皮图腾工匠","将皮图腾升级到10级。","Мастер кожаных тотемов","Улучшите «Кожаные тотемы» до 10 уровня.","Fabricante de Totens de Couro","Melhore Totens de Couro para o nível 10.","皮革トーテム職人","「皮革のトーテム」をレベル10まで強化する。","Twórca skórzanych totemów","Ulepsz „Skórzane totemy” do poziomu 10."
"54","ACH_ACTION_3_EMBERBOMBS","action-3-emberBombs","no","Ember Bomb Crafter","Craft 20 Ember Bombs.","Glutbombenmacher","Stelle 20 Glutbomben her.","Artisan de bombes de braise","Fabriquez 20 bombes de braise.","Fabbricante di Bombe di Brace","Crea 20 Bombe di Brace.","Artesano de bombas de brasas","Fabrica 20 bombas de brasas.","余烬炸弹工匠","制作20个余烬炸弹。","Мастер бомб жара","Создайте 20 бомб жара.","Fabricante de Bombas de Brasa","Crie 20 Bombas de Brasa.","残火爆弾職人","残火爆弾を20個作る。","Twórca bomb żaru","Wytwórz 20 bomb żaru."
"55","ACH_ACTION_3_ASHFIREBOMBS","action-3-ashfireBombs","no","Ashfire Bomb Crafter","Craft 20 Ashfire Bombs.","Aschfeuerbombenmacher","Stelle 20 Aschfeuerbomben her.","Artisan de bombes feu-cendre","Fabriquez 20 bombes feu-cendre.","Fabbricante di Bombe di Cenerardente","Crea 20 Bombe di Cenerardente.","Artesano de bombas de fuego ceniciento","Fabrica 20 bombas de fuego ceniciento.","灰火炸弹工匠","制作20个灰火炸弹。","Мастер пепельных бомб","Создайте 20 пепельных бомб.","Fabricante de Bombas de Cinzafogo","Crie 20 Bombas de Cinzafogo.","灰火爆弾職人","灰火爆弾を20個作る。","Twórca bomb popiołognia","Wytwórz 20 bomb popiołognia."
"56","ACH_ACTION_3_VEINFIREELIXIR","action-3-veinfireElixir","no","Veinfire Elixir Maker","Craft 10 Veinfire Elixirs.","Aderfeuer-Elixier-Brauer","Stelle 10 Aderfeuer-Elixiere her.","Artisan d'élixir feu-veine","Fabriquez 10 élixirs feu-veine.","Fabbricante di Elisir di Venafuoco","Crea 10 Elisir di Venafuoco.","Artesano de elixir de fuego venal","Fabrica 10 elixires de fuego venal.","脉火灵药工匠","制作10瓶脉火灵药。","Мастер эликсиров жилового огня","Создайте 10 эликсиров жилового огня.","Fabricante de Elixir de Fogo Venoso","Crie 10 Elixires de Fogo Venoso.","脈火の調合師","脈火の霊薬を10個作る。","Twórca eliksiru żyłognia","Wytwórz 10 eliksirów żyłognia."
"57","ACH_ACTION_3_BURNINGVEINS","action-3-burningVeins","no","Burning Veins","Use 10 Veinfire Elixirs.","Brennende Adern","Benutze 10 Aderfeuer-Elixiere.","Veines brûlantes","Utilisez 10 élixirs feu-veine.","Vene Ardenti","Usa 10 Elisir di Venafuoco.","Venas ardientes","Usa 10 elixires de fuego venal.","燃烧血脉","使用10瓶脉火灵药。","Горящие вены","Используйте 10 эликсиров жилового огня.","Veias Ardentes","Use 10 Elixires de Fogo Venoso.","燃える血脈","脈火の霊薬を10回使う。","Płonące żyły","Użyj 10 eliksirów żyłognia."
"58","ACH_ACTION_4_MERCHANTPURCHASES","action-4-merchantPurchases","no","Deal Maker","Make 100 merchant purchases.","Handelspartner","Tätige 100 Händlerkäufe.","Marchandeur","Effectuez 100 achats chez le marchand.","Affarista","Effettua 100 acquisti dal mercante.","Negociador","Haz 100 compras al mercader.","交易好手","与商人交易100次。","Умелый торговец","Совершите 100 покупок у торговца.","Negociador","Faça 100 compras com o mercador.","取引上手","商人から100回購入する。","Negocjator","Dokonaj 100 zakupów u wędrownego handlarza."
"59","ACH_ACTION_0_GAMBLERWINS","action-0-gamblerWins","no","Experienced Gambler","Win 10 times against the gambler.","Erfahrener Spieler","Besiege den besessenen Spieler 10 Mal.","Joueur aguerri","Battez le joueur 10 fois.","Giocatore Esperto","Vinci 10 volte contro il giocatore.","Jugador experimentado","Gana 10 veces contra el jugador.","老练赌徒","战胜赌徒10次。","Бывалый игрок","Победите игрока 10 раз.","Apostador Experiente","Vença o apostador 10 vezes.","熟練の賭博師","賭博師に10回勝つ。","Doświadczony hazardzista","Wygraj 10 razy z hazardzistą."
"60","ACH_ACTION_4_FEEDFIRE","action-4-feedFire","no","Fire Feeder","Feed the fire 100 times.","Feuerschürer","Schüre das Feuer 100 Mal.","Gardien du feu","Alimentez le feu 100 fois.","Guardiano del Fuoco","Alimenta il fuoco 100 volte.","Alimentador del fuego","Alimenta el fuego 100 veces.","添火者","添柴100次。","Хранитель огня","Подкормите огонь 100 раз.","Alimentador do Fogo","Alimente o fogo 100 vezes.","薪くべ","薪を100回くべる。","Karmiciel ognia","Nakarm ogień 100 razy."
"61","ACH_ACTION_4_MENTALCLARITY","action-4-mentalClarity","no","Mental Clarity","Use 5 Clarity Elixirs.","Geistige Klarheit","Benutze 5 Elixiere der Klarheit.","Clarté mentale","Utilisez 5 élixirs de clarté.","Lucidità Mentale","Usa 5 Elisir di Chiarezza.","Claridad mental","Usa 5 elixires de claridad.","心智清明","使用5瓶清晰灵药。","Ясность ума","Используйте 5 эликсиров ясности.","Clareza Mental","Use 5 Elixires de Clareza.","心の澄明","澄明の霊薬を5回使う。","Jasność umysłu","Użyj 5 eliksirów jasności."
"62","ACH_ACTION_4_WELLRESTED","action-4-wellRested","no","Heavy Sleeper","Rest for 20 hours in total.","Tiefschläfer","Raste insgesamt 20 Stunden.","Gros dormeur","Reposez-vous 20 heures au total.","Dormiglione","Riposa per 20 ore in totale.","Dormilón profundo","Descansa 20 horas en total.","酣眠者","累计休息20小时。","Крепко спящий","Отдохните всего 20 часов.","Sono Pesado","Descanse por 20 horas no total.","熟睡者","合計20時間休む。","Twardy śpioch","Odpoczywaj łącznie 20 godzin."
"63","ACH_ACTION_4_SOLSTICEGATHERINGS","action-4-solsticeGatherings","no","Solstice Celebrant","Hold 10 Solstice gatherings.","Sonnenwendfeierer","Halte 10 Sonnenwend-Feste ab.","Célébrant du solstice","Organisez 10 fêtes du solstice.","Celebrante del Solstizio","Organizza 10 raduni del solstizio.","Celebrante del solsticio","Celebra 10 reuniones del solsticio.","至日庆祝者","举行10次至日聚会。","Празднующий солнцестояние","Проведите 10 праздников солнцестояния.","Celebrante do Solstício","Realize 10 celebrações do solstício.","冬至の祝者","冬至の集いを10回開く。","Uczestnik przesilenia","Zorganizuj 10 zgromadzeń przesilenia."
"64","ACH_ACTION_4_INVESTOR","action-4-investor","no","Investor","Invest 2'500 gold in total.","Investor","Investiere insgesamt 2'500 Gold.","Investisseur","Investissez 2'500 d'or au total.","Investitore","Investi 2'500 di oro in totale.","Inversor","Invierte 2'500 de oro en total.","投资者","累计投资2'500黄金。","Инвестор","Инвестируйте всего 2'500 золота.","Investidor","Invista 2'500 de ouro no total.","投資家","金貨を合計2'500投資する。","Inwestor","Zainwestuj łącznie 2'500 złota."
"65","ACH_ACTION_4_LUCKYINVESTOR","action-4-luckyInvestor","no","Lucky Investor","Succeed on 10 investments.","Glücklicher Investor","Schließe 10 Investitionen erfolgreich ab.","Investisseur chanceux","Réussissez 10 investissements.","Investitore Fortunato","Riesci in 10 investimenti.","Inversor afortunado","Ten éxito en 10 inversiones.","幸运投资者","成功投资10次。","Удачливый инвестор","Успешно завершите 10 инвестиций.","Investidor Sortudo","Tenha sucesso em 10 investimentos.","幸運な投資家","投資を10回成功させる。","Szczęśliwy inwestor","Zakończ sukcesem 10 inwestycji."
"66","ACH_ACTION_4_INSIGHTFUL","action-4-insightful","no","Insightful","Spend 10'000 Insight in total.","Einsichtsvoll","Gib insgesamt 10'000 Einsicht aus.","Perspicace","Dépensez 10'000 de perspicacité au total.","Perspicace","Spendi 10'000 di Intuizione in totale.","Perspicaz","Gasta 10'000 de perspicacia en total.","洞察者","累计花费10'000洞见。","Проницательный","Потратьте всего 10'000 прозрения.","Perspicaz","Gaste 10'000 de Perspicácia no total.","洞察者","洞察を合計10'000消費する。","Wnikliwy","Wydaj łącznie 10'000 wglądu."
"67","ACH_ACTION_4_PILEOFDEAD","action-4-pileOfDead","no","Pile of Dead","Lose 250 villagers in total.","Totenhaufen","Verliere insgesamt 250 Dorfbewohner.","Tas de morts","Perdez 250 villageois au total.","Mucchio di Morti","Perdi 250 abitanti in totale.","Pila de muertos","Pierde 250 aldeanos en total.","尸堆","累计失去250名村民。","Груда мёртвых","Потеряйте всего 250 жителей.","Pilha de Mortos","Perca 250 aldeões no total.","死者の山","村人を合計250人失う。","Stos umarłych","Strać łącznie 250 wieśniaków."
"68","ACH_OVERALL_0_WINNORMAL","overall-0-winNormal","no","Normal Victory","Win a game on Normal.","Normaler Sieg","Gewinne ein Spiel im Normalen Modus.","Victoire normale","Gagnez une partie en mode normal.","Vittoria Normale","Vinci una partita in Modalità Normale.","Victoria normal","Gana una partida en modo normal.","普通胜利","在普通模式下赢得一局。","Обычная победа","Выиграйте игру в обычном режиме.","Vitória Normal","Vença um jogo no Modo Normal.","通常の勝利","通常モードでゲームに勝利する。","Normalne zwycięstwo","Wygraj grę w trybie normalnym."
"69","ACH_OVERALL_0_WINCRUEL","overall-0-winCruel","no","Cruel Victory","Win a game on Cruel.","Grausamer Sieg","Gewinne ein Spiel im Grausamen Modus.","Victoire cruelle","Gagnez une partie en mode cruel.","Vittoria Crudele","Vinci una partita in Modalità Crudele.","Victoria cruel","Gana una partida en modo cruel.","残酷胜利","在残酷模式下赢得一局。","Жестокая победа","Выиграйте игру в жестоком режиме.","Vitória Cruel","Vença um jogo no Modo Cruel.","残酷な勝利","残酷モードでゲームに勝利する。","Okrutne zwycięstwo","Wygraj grę w trybie okrutnym."
"70","ACH_OVERALL_0_CAVEVETERAN","overall-0-caveVeteran","no","Cave Veteran","Win 3 games.","Höhlenveteran","Gewinne 3 Spiele.","Vétéran de la grotte","Gagnez 3 parties.","Veterano della Caverna","Vinci 3 partite.","Veterano de la cueva","Gana 3 partidas.","洞穴老兵","赢得3局游戏。","Ветеран пещеры","Выиграйте 3 игры.","Veterano da Caverna","Vença 3 jogos.","洞窟の古参","ゲームに3回勝利する。","Weteran jaskini","Wygraj 3 gry."
"71","ACH_OVERALL_0_SPEEDRUNNER","overall-0-speedrunner","no","Speedrunner","Win a game in under 5 hours.","Speedrunner","Gewinne ein Spiel in unter 5 Stunden.","Sprinteur","Gagnez une partie en moins de 5 heures.","Velocista","Vinci una partita in meno di 5 ore.","Velocista","Gana una partida en menos de 5 horas.","速通者","在5小时内赢得一局游戏。","Скоростник","Выиграйте игру менее чем за 5 часов.","Velocista","Vença um jogo em menos de 5 horas.","最速走者","5時間以内にゲームに勝利する。","Błyskawiczny","Wygraj grę w mniej niż 5 godzin."
"72","ACH_OVERALL_0_ENDURANT","overall-0-endurant","no","Enduring","Play for 30 hours across all games.","Ausdauernder","Spiele über alle Spiele hinweg 30 Stunden.","Infatigable","Jouez 30 heures sur toutes les parties.","Resistente","Gioca 30 ore in tutte le partite.","Resistente","Juega 30 horas en todas las partidas.","持久者","在所有游戏中累计游玩30小时。","Выносливый","Играйте 30 часов за все игры.","Resistente","Jogue 30 horas no total, somando todas as partidas.","忍耐者","全プレイを通じて30時間遊ぶ。","Wytrwały","Graj łącznie 30 godzin we wszystkich grach."
"73","ACH_OVERALL_0_RESOURCEMAXER","overall-0-resourceMaxer","no","Resource Maxer","Hit Great Vault capacity with every capped resource.","Ressourcenmaximierer","Erreiche die Kapazität des Großen Tresors mit jeder begrenzten Ressource.","Maximiseur de ressources","Atteignez la capacité du Grand coffre avec chaque ressource limitée.","Massimizzatore di risorse","Raggiungi la capacità del Grande Caveau con ogni risorsa limitata.","Maximizador de recursos","Alcanza la capacidad de la Gran bóveda con cada recurso limitado.","资源达人","使每种有上限的资源都达到大金库容量。","Максимизатор ресурсов","Достигните вместимости Великого свода каждым ограниченным ресурсом.","Maximizador de recursos","Atinja a capacidade do Grande Cofre com cada recurso limitado.","資源の極み","上限のある資源をすべて、大金庫の容量まで貯める。","Mistrz zasobów","Osiągnij pojemność Wielkiego skarbca dla każdego ograniczonego zasobu."
"74","ACH_OVERALL_0_UPGRADEMAXER","overall-0-upgradeMaxer","no","Upgrade Maxer","Max every upgrade in the Estate tab.","Aufwertungsmaximierer","Bringe jedes Upgrade im Anwesen-Tab auf die Maximalstufe.","Maximiseur d'améliorations","Maximisez chaque amélioration de l'onglet Domaine.","Massimizzatore di miglioramenti","Porta al massimo ogni miglioramento della scheda Tenuta.","Maximizador de mejoras","Maximiza cada mejora de la pestaña Hacienda.","升级达人","将庄园页签中的每一项升级升至满级。","Максимизатор улучшений","Прокачайте каждое улучшение во вкладке Поместье до максимума.","Maximizador de melhorias","Maximize cada melhoria da aba Propriedade.","強化の極み","屋敷タブの強化をすべて最大にする。","Mistrz ulepszeń","Maksymalnie ulepsz wszystko w zakładce Posiadłość."
"75","ACH_OVERALL_0_ACHIEVEMENTMAXER","overall-0-achievementMaxer","no","Achievement Maxer","Complete every non-Epic achievement.","Erfolgsmaximierer","Schließe jeden nicht-epischen Erfolg ab.","Maximiseur de succès","Terminez chaque succès non épique.","Massimizzatore di obiettivi","Completa ogni obiettivo non Epico.","Maximizador de logros","Completa todos los logros no épicos.","成就达人","完成所有非史诗成就。","Максимизатор достижений","Выполните каждое неэпическое достижение.","Maximizador de conquistas","Complete todas as conquistas não Épicas.","実績の極み","叙事以外の実績をすべて達成する。","Mistrz osiągnięć","Ukończ każde nieepickie osiągnięcie."
